gID,S1,S2,S3,S4,S5
K00509,0.152508944432,4.44822057567,0.12517029237,0.106221472558,0.167878714969
K00503,0.414524708737,1.33671484924,0.789499666373,1.06481507518,1.39444570047
K00500,0.382565567904,2.15263744451,0.529868388604,0.425775405049,1.50915319393
K00505,1.64512525121,0.973038414003,0.940359431579,0.589700194711,0.851776708496
K01101,0.3688526167,0.611153602303,0.724593287451,2.59990617615,0.695494317396
K05602,0.678876924625,0.298983596659,2.13887491195,0.535876018919,1.34738854785
K15891,0.0,5.0,0.0,0.0,0.0
K15894,0.709164686836,0.936967811114,2.23429977083,1.11956773122,0.0
K00212,5.0,0.0,0.0,0.0,0.0
K04518,3.21051827297,1.27835918822,0.215540261442,0.208294651835,0.0872876255367
K01586,3.11330717909,0.252976529889,0.715808436981,0.332401424565,0.585506429477
K13499,0.745420395753,0.601155284988,1.11833853046,1.53596609777,0.999119691024
K18134,1.21142203341,0.457302056397,0.9087345565,0.819639412223,1.60290194147
K01637,1.22309355955,1.11686946085,0.881619676653,0.576256493319,1.20216080963
K01630,0.903883663931,0.447836787031,1.30522340589,2.00668866073,0.336367482417
K03525,1.3876241425,0.495505953036,0.905874182696,1.24334965773,0.967646064031
K03524,0.997886202196,1.84625517438,0.616039214807,0.894135391722,0.645684016898
K13010,1.14089918957,1.25615605255,1.39786364682,0.450288184438,0.754792926628
K06001,0.792398097692,0.418772746366,2.66294925393,1.12587990201,0.0
K12309,0.0,5.0,0.0,0.0,0.0
K12305,1.04350681802,1.37871064468,1.1801813379,0.760341257942,0.637259941458
K12304,0.229086914621,3.13041747445,0.282959100008,0.789856705654,0.56767980527
K06130,0.802942335343,1.17456672348,0.735082606661,1.10395255554,1.18345577897
K03183,0.875263931322,0.35582074108,1.1313207285,1.43494205188,1.20265254721
K06221,0.654971804949,0.576911127336,0.91713528964,1.55102876983,1.29995300825
K00773,0.982905215886,0.510638952553,1.4833697283,0.959774193405,1.06331190986
K00772,2.94160739106,0.485814733055,0.772316245605,0.435369143978,0.364892486305
K11430,0.516140328098,0.496430828483,1.18585948121,1.30421286432,1.49735649789
K09833,1.23358063343,1.02980041138,0.754096810794,1.14813922852,0.834382915878
K09839,1.40462722072,1.07188404431,0.525200706709,1.62264888948,0.375639138787
K09838,0.742460679216,0.471859439601,0.615484321141,2.19234760427,0.977847955774
K10747,0.542503004429,1.84116078401,0.728094243024,1.13487726831,0.753364700236
K01912,1.36639395663,0.722122568822,1.72196215115,0.647139461288,0.542381862109
K01916,0.294563776615,0.333588136187,1.14901191286,1.3353099268,1.88752624754
K01914,4.71337994583,0.0682166776004,0.113093404808,0.0288200426438,0.0764899291199
K01918,1.27935722911,1.40532683932,0.812393638261,0.757404404431,0.745517888883
K05939,2.43872283198,0.0,2.56127716802,0.0,0.0
K03474,0.80633065458,0.152191017913,1.20971112905,0.545551780804,2.28621541765
K15892,0.632110238744,0.626375665168,1.99154150398,1.12268333066,0.627289261449
K00513,0.767010956325,0.0,2.41659958249,1.81638946119,0.0
K00517,0.655499810691,1.99629619792,0.845219835308,0.68923380774,0.813750348343
K00999,1.11582398207,1.0616161736,0.915400899448,0.746315072565,1.16084387231
K00991,1.10874301109,0.672848569203,0.602201150138,1.90390866799,0.712298601581
K14590,2.79430038936,0.0,0.0,2.20569961064,0.0
K01001,2.35785254257,0.558346728649,0.392480449657,0.593898187337,1.09742209179
K01006,0.329601123018,0.342682374818,2.28129286309,0.438374891707,1.60804874736
K01007,0.707596264138,2.13847694445,0.818049760466,0.422430994237,0.913446036713
K01008,0.973236266138,2.1530472668,0.502018760825,0.676655674132,0.695042032103
K13483,0.872230249314,0.288102557141,1.31676735549,1.54913064981,0.973769188251
K13482,0.486787733306,0.615192638417,1.26693793465,1.20286819207,1.42821350156
K13481,0.410246757188,3.7623291667,0.101374221573,0.342881439531,0.383168415011
K14441,0.766241320952,0.313356039352,1.7626820795,0.691245742621,1.46647481758
K13645,0.0,0.0,1.53617984545,3.46382015455,0.0
K01131,0.694214620894,1.83440355643,1.09357248703,0.0,1.37780933564
K15429,1.27835008999,1.11807581673,1.06929227471,0.673309745695,0.860972072882
K03465,0.856263232449,1.13132682436,1.5736904635,1.01385313695,0.424866342741
K01648,0.848687389979,0.566098168176,0.932390204032,1.2341476218,1.41867661601
K01649,2.19854218594,0.432166029632,1.24432113473,0.502030925262,0.622939724436
K01647,1.57635594538,1.27295576269,0.91530821931,0.233968946824,1.00141112579
K01644,0.273109492473,2.43566910717,0.528820768309,1.0509593158,0.71144131624
K03517,1.3691019519,0.263057738689,1.41164427018,0.708379630203,1.24781640903
K09759,1.69348716713,0.894987347873,1.06708639595,0.0,1.34443908905
K09755,0.207427427612,0.137027368576,1.41593410141,2.21039766071,1.02921344169
K09753,2.40239483086,0.634818208236,1.00917078341,0.0,0.953616177501
K17744,0.0,0.0,0.0,0.0,5.0
K03644,0.545899829821,1.51170384473,0.630660770743,1.21206246466,1.09967309004
K11423,0.795599587731,2.00492606865,0.76272849606,0.820847994438,0.615897853124
K11422,0.649533618077,0.784246462663,0.916162066241,1.04357300349,1.60648484953
K11420,0.591651741521,0.321878581029,0.657900194579,1.97799394905,1.45057553382
K11427,0.0,0.0,5.0,0.0,0.0
K10777,0.256268633548,0.460301241995,1.74298780648,1.20116001937,1.33928229861
K11358,1.74133359991,0.627464825419,0.581871275042,1.49949735513,0.549832944499
K01903,0.479930740527,0.259404821776,1.69534368966,1.13651427099,1.42880647705
K01902,1.11326843847,1.25603327278,1.20855810232,0.503564114454,0.918576071971
K01904,0.467148634425,0.617209572877,1.14472882389,1.84374826879,0.927164700017
K01907,0.875313351499,1.15648112106,2.2061969638,0.41455819385,0.347450369794
K01909,1.5123661603,0.333029933461,0.661789102714,1.49225657765,1.00055822587
K01908,0.464086280757,2.9357542296,0.609226108746,0.474564866637,0.51636851426
K05929,0.481708687591,0.734361539237,1.84843399526,1.05297398198,0.882521795931
K05928,0.652775032453,0.617446469255,0.74318859749,1.69689103788,1.28969886292
K00698,0.685888932518,2.47241001981,0.487164929448,0.452407126335,0.90212899189
K00699,0.879100033927,0.757493654861,0.762664271616,1.5387021174,1.06203992219
K00690,3.50247056288,0.0873121608119,1.0872886503,0.104327893262,0.218600732744
K01830,1.26402818721,2.74243036462,0.560334482917,0.163844706003,0.269362259249
K17726,0.913786237332,1.20730151248,2.87891225019,0.0,0.0
K04069,0.297155573881,0.0,0.936239606295,1.40741210612,2.3591927137
K02906,1.33069706446,1.5007381785,0.873176110444,0.609015590904,0.686373055686
K00234,0.398302994386,1.12595449603,1.45986441225,0.76753569397,1.24834240336
K00235,0.323365941085,1.2516131988,1.09941744655,0.533202401235,1.79240101233
K00236,1.32390098535,1.85023896284,0.495721193136,0.385501281178,0.944637577501
K00239,0.87434658506,0.66011943292,1.04940957507,0.887364891788,1.52875951516
K14589,1.06978801762,0.866785566858,1.10188025329,0.822794705328,1.13875145691
K01015,0.0425809391003,0.0562595201864,0.827297096471,1.41170493425,2.66215750999
K00832,1.17354455068,0.664502603437,0.704254963826,0.794003447391,1.66369443467
K00833,0.830343817329,1.54880988816,0.938706649773,0.809660735421,0.872478909321
K00830,0.857462378603,0.59792155497,1.3507541227,1.5793085069,0.614553436832
K00831,0.794254832136,2.51772726299,0.62002365931,0.361267162187,0.706727083375
K14455,2.41943882715,0.346923277692,1.31032213589,0.335666851456,0.587648907814
K14454,0.158935404377,0.136493577559,0.396418439511,2.88864934009,1.41950323847
K01120,0.840459453073,2.66513246515,0.474713649504,0.554747893081,0.464946539189
K01126,0.307407228213,2.54208422902,0.706272202116,0.549389195834,0.894847144821
K15451,0.142315510914,0.689451775168,1.04621520063,0.674030393834,2.44798711945
K02474,1.91267032986,0.631772791453,1.50651548917,0.0,0.949041389517
K01653,0.0,5.0,0.0,0.0,0.0
K01652,1.2894727246,0.500141563326,1.80790052798,0.589332787883,0.813152396206
K01655,1.57107324844,0.518936253458,1.09996087455,1.55018305123,0.259846572331
K13071,0.703265651687,2.79597099005,0.483425069573,0.71914494777,0.298193340914
K13298,0.891034397298,0.963216562345,1.19096609837,1.15093053682,0.80385240516
K13299,2.28758901322,1.51119023398,1.2012207528,0.0,0.0
K13296,1.17058713291,1.2888431559,1.22934206965,0.924010744553,0.38721689699
K12506,1.4332130373,0.210400036259,1.33792044598,0.754210833442,1.26425564702
K12501,0.544756972229,0.503460236825,0.858151212386,2.53118899224,0.562442586325
K02302,0.464169569372,0.572388005478,1.03992908004,2.12509412692,0.798419218185
K02303,1.67515942547,0.0,0.0,0.0,3.32484057453
K00759,0.379084859938,1.44405343322,0.533553359797,1.73062215979,0.912686187253
K00758,0.324289920765,1.33299533771,0.491931048893,1.70654886814,1.14423482449
K00757,0.632303135584,0.556944149368,1.6970018871,0.99823162578,1.11551920217
K11987,1.10581515969,1.10543840143,0.596022202926,1.56565174027,0.627072495679
K06970,0.376463984791,0.515592254351,1.35644002498,1.21765312071,1.53385061517
K11188,1.36666785011,1.69170793409,0.56664636768,0.945278183875,0.429699664254
K10764,0.799835117323,3.1702883945,0.46665512646,0.210450684587,0.352770677126
K01935,0.0,0.0,0.0,5.0,0.0
K07407,0.06552434948,0.0718992927477,0.62515139984,3.98173598855,0.255688969383
K01805,0.856035634502,0.574485788679,1.11662032989,1.15837660348,1.29448164345
K01244,0.397682504465,2.84619500956,0.441541895737,0.508079399086,0.806501191154
K01243,0.864734751141,3.34874198074,0.195719658092,0.176531118307,0.414272491719
K01240,0.666032162265,0.391102194701,1.01033636632,0.876234782426,2.05629449429
K01241,0.678485479732,0.627499800861,1.14006609009,0.803351815064,1.75059681425
K14260,0.84212773288,0.55631286841,1.7687790702,0.997093915948,0.835686412559
K14267,3.18529081242,0.0,0.55754393586,1.25716525172,0.0
K14264,0.0999374238353,4.29135160071,0.104955072269,0.35499307129,0.148762831891
K00226,1.19335549096,0.626205068185,1.67767358966,0.696468437921,0.806297413275
K00225,2.03627657483,1.50767022624,0.475283959448,0.48273086379,0.498038375696
K01791,1.43692968331,0.759399841525,0.301817345296,1.3610919408,1.14076118907
K15849,0.840423713122,0.753498429048,1.40077722207,0.762612975077,1.24268766069
K00825,2.50253276461,0.466004786783,0.934844835864,0.596597147469,0.500020465276
K00824,1.05223321869,0.868896375845,1.93383402354,0.62293816242,0.522098219508
K00827,0.31654999527,1.1710553581,0.930826024478,1.19937857841,1.38219004374
K00826,1.36134857096,1.57295534737,0.766843936099,0.616091803001,0.682760342572
K00823,1.29430156724,1.35120997193,0.614145028024,0.590686577201,1.1496568556
K01488,0.60705823375,1.91765873892,0.761171468241,0.710068171325,1.00404338776
K01489,5.0,0.0,0.0,0.0,0.0
K01487,0.494925550282,0.448049047308,1.44380036748,1.08520592076,1.52801911417
K01666,2.50959778581,0.0,0.0,0.0,2.49040221419
K01667,0.882384333258,0.85494242169,0.679560092293,1.53233646033,1.05077669243
K05309,0.621443312404,0.335023682115,1.12038230074,1.44984735118,1.47330335356
K05546,0.461793088836,1.83222906435,0.425924066627,1.1055671417,1.17448663849
K08021,0.0175624511265,0.0,1.97357243968,0.4990872774,2.50977783179
K17104,0.275520506587,0.364036033563,0.868074615747,1.30494236198,2.18742648212
K17108,0.0666351632947,0.146733671916,0.209941263069,2.94555869623,1.63113120549
K17724,2.43872283198,0.0,2.56127716802,0.0,0.0
K06164,1.94154722846,0.0,3.05845277154,0.0,0.0
K06168,1.39747380487,0.321561004467,1.24912540926,1.09691170663,0.934928074775
K08680,0.395748343019,0.392158070545,1.03904069327,1.40575886745,1.76729402572
K11751,0.629380285264,0.277184824714,0.440640837134,1.98724072816,1.66555332473
K11753,1.185633325,0.671347696795,2.13452864809,0.0,1.00849033012
K07422,0.0,2.78569553314,2.21430446686,0.0,0.0
K07966,4.59283384632,0.0681815469661,0.216781059896,0.122203546817,0.0
K07561,1.90130767008,0.761569594163,1.04873461113,0.534414781023,0.753973343599
K10719,0.200882022756,0.176940554287,0.386770849773,0.713559983205,3.52184658998
K11177,2.3779523812,0.0,0.624315935853,1.40778418735,0.589947495598
K01922,0.552310224073,0.849809567854,0.805193692931,1.13683613848,1.65585037666
K01925,0.598743102161,0.23266894381,1.62747658118,0.583829109007,1.95728226384
K01924,1.04822256545,0.519354598116,1.10083549835,1.55142113965,0.780166198444
K07418,0.59950092244,0.158414468984,2.39244771949,1.13573203374,0.713904855342
K01817,0.708060087495,0.623672256136,0.495726029238,2.23566876307,0.936872864064
K04042,0.862073236473,0.700916664996,0.626778980049,1.09924305247,1.71098806601
K00038,1.48301060518,1.95945232945,1.55753706537,0.0,0.0
K00789,0.569352034822,1.1880442029,0.334281953007,2.57691910536,0.331402703913
K00031,1.3772733765,0.626210086968,0.866672221164,1.05635335333,1.07349096204
K01254,1.61813136446,1.38556557117,0.639518532513,0.741418299193,0.615366232665
K01251,0.556296934022,0.658373074391,0.342493775269,2.33817121293,1.10466500338
K01253,0.0716119784113,0.0567690879609,0.263221821851,0.898785932578,3.7096111792
K14272,0.62617884247,0.137887440037,1.09601718325,1.48284459329,1.65707194095
K01078,0.700229815408,2.36264136817,0.606497092425,0.532381907794,0.798249816198
K01077,0.107481343961,0.42603451869,1.69320161141,0.0,2.77328252594
K00811,0.889723477798,1.17552006179,0.747505729226,0.421382990846,1.76586774034
K00812,0.767270836797,0.645108157538,1.17204890105,1.2388362115,1.17673589312
K00813,1.16453644339,0.0,0.611489740748,2.06831905704,1.15565475882
K00814,0.892056514,2.62473183057,0.404682525766,0.496001867988,0.582527261676
K00815,0.213222333673,3.88628722532,0.269811262566,0.231769860508,0.398909317938
K00816,0.69992273877,0.87997778836,0.894813753186,1.23937058702,1.28591513266
K00817,1.63160073309,1.31464456591,0.814734999385,0.498652609741,0.74036709187
K00818,1.39088099313,0.274127792099,1.13486385489,0.648279426799,1.55184793308
K00819,1.244813339,1.29671284524,0.839509783532,0.834010804715,0.784953227513
K14676,1.31269858814,0.706249793052,1.09790353869,1.0193877937,0.863760286424
K01785,1.58701235968,0.507773435923,0.773981706516,1.41332833286,0.717904165023
K00944,2.80586435248,1.85470562247,0.128156023243,0.149471459635,0.0618025421723
K02528,0.622334007143,0.23022798072,1.90843132349,0.707393376891,1.53161331175
K03783,0.18680177857,4.01582513118,0.183243437899,0.328935241547,0.285194410806
K03782,0.634419052285,2.08658478087,0.759256014323,0.779546510881,0.740193641641
K03784,1.93728102923,1.70639251048,1.35632646028,0.0,0.0
K03787,0.665425774842,0.219794690601,1.45589260861,0.787892328467,1.87099459748
K03417,1.00742206502,0.376543001738,1.96980938236,0.580718759218,1.06550679167
K13941,0.562373093906,1.36306342787,0.949035178215,1.17101578378,0.954512516227
K13038,0.859946916857,0.677725207515,0.744670887197,1.25043408485,1.46722290358
K10960,1.46965568478,1.62007766244,0.268154232022,1.40246870444,0.239643716319
K11381,1.41861098914,0.0,0.893883648513,2.68750536234,0.0
K05973,1.41070359523,0.0,0.634927747685,0.954461862751,1.99990679433
K07420,0.562408708006,0.743091822238,2.36263681293,1.33186265682,0.0
K01866,1.39245370206,0.568052446321,0.888328603437,0.905725076686,1.24544017149
K01867,1.17347994343,0.523028521815,0.808589834537,1.53623888388,0.958662816336
K01868,1.4704107774,0.647704582341,0.853284054379,0.982989072966,1.04561151291
K01869,1.48414611048,0.534872329741,0.666477215359,0.932626117281,1.38187822714
K01231,0.464007216534,0.490447700436,1.00870685449,1.35153058327,1.68530764527
K15518,0.896977167201,0.296279897244,0.706504395832,2.65517048809,0.445068051633
K07046,1.39563773007,1.28216767755,0.85890374824,0.708209762924,0.755081081212
K00799,1.25481963805,1.85680979687,0.616852445018,0.615783573322,0.655734546747
K00793,1.48797957618,1.6060459135,0.638761778771,0.535104367582,0.732108363971
K00790,0.240737691683,3.87392226619,0.217167175611,0.343512992648,0.324659873871
K00241,0.0,0.0,2.22872577369,1.50767465213,1.26359957418
K00240,1.66214525369,1.43222165565,0.607155559174,0.342268319543,0.956209211942
K00244,0.218399735815,1.1542570757,1.37621165912,0.517201188834,1.73393034053
K04765,0.0,0.0,5.0,0.0,0.0
K00805,0.500819628316,1.98514869127,0.525987563031,0.0,1.98804411739
K00804,0.690776160269,0.537285104366,0.873933283983,1.69001985554,1.20798559584
K00801,0.465076501469,1.91037309797,0.434526156162,1.47958988815,0.710434356248
K05780,0.0,1.19632445318,3.80367554682,0.0,0.0
K14641,0.845810461002,1.39688662972,0.932679555164,0.901328444541,0.923294909573
K14395,0.0,0.0,5.0,0.0,0.0
K01687,2.76031963781,0.273350370629,0.829169579214,0.354863414348,0.782296998004
K01682,0.499542460599,1.57745764257,0.959050892346,0.892893947667,1.07105505682
K01681,0.638386371291,0.533016117881,1.81109240999,0.77687096224,1.2406341386
K01442,0.691683379398,0.913874158445,0.528293824921,0.744528421338,2.1216202159
K02793,1.13163298172,0.0,1.18850148965,2.67986552863,0.0
K13042,0.0,2.6369042336,0.0,2.3630957664,0.0
K01045,0.238726490077,0.525686630609,1.33712313701,1.31908948457,1.57937425774
K04566,0.946914188501,1.09469878808,1.36736021628,1.12118589825,0.4698409089
K04567,2.17719382712,0.39356262812,1.04156685155,0.472464945776,0.915211747431
K03334,1.57412463074,0.0,0.0,1.8637910034,1.56208436586
K03428,1.41029528781,0.930989969313,0.469039768515,1.9148085237,0.274866450666
K03426,0.92646990386,1.28768691028,0.800329484619,0.992701133042,0.992812568198
K03750,1.02767395492,1.32297676596,0.759757212383,1.12887821582,0.76071385092
K09667,0.687999491762,1.35611632409,0.772464632888,1.10933779922,1.07408175204
K03119,0.581422423132,0.472733314293,1.06464807509,1.16503135768,1.71616482981
K13953,0.803201844049,2.58228627286,0.66075597905,0.475511703304,0.478244200736
K09841,1.06623295336,1.4087779527,0.0,2.52498909394,0.0
K09843,0.443028941235,3.69168302784,0.258481378873,0.299750677554,0.307055974503
K09680,0.602394449569,2.11755264975,0.493881960115,0.659251907798,1.12691903277
K00498,1.41739959911,0.624235726202,0.992368818049,0.55941690374,1.4065789529
K00492,0.188565376185,2.64469119652,0.441759327706,1.40830846676,0.316675632824
K07437,0.842352894168,0.0,1.3269617857,1.99476307732,0.835922242811
K07434,2.67203764437,0.706069680118,0.561243405105,0.0,1.0606492704
K00658,0.458760499587,1.08626850621,0.593928157145,0.627478459798,2.23356437726
K07430,0.837041232751,0.829441383135,1.09882037926,1.40404274776,0.830654257095
K00654,0.400512284851,2.24432458844,0.50552188216,1.08830077402,0.761340470534
K00652,1.45519891734,0.896714655808,0.874615013143,0.926425993427,0.847045420278
K01870,1.25561451513,0.350558373046,0.855210259104,0.715971423672,1.82264542905
K01873,1.62720470694,0.627232272988,0.819020522897,0.689985027235,1.23655746994
K01872,1.51920965709,1.09765852155,0.807720909746,0.709225691952,0.866185219656
K01875,1.51133726262,0.797700362212,0.569932780688,1.07957271605,1.04145687843
K01874,1.42633140555,0.503865007728,0.680351449713,0.704119890035,1.68533224697
K01876,1.06741742793,1.05225182605,0.75806491832,1.11274964084,1.00951618687
K01879,0.73592266054,0.0,1.93214470386,0.8713452589,1.4605873767
K01878,0.742748237843,0.981324771927,0.780006209662,1.75885372282,0.737067057743
K00010,0.874916176479,0.160550566794,1.21745278665,0.79997184207,1.94710862801
K00011,0.682972313,0.451174176619,2.51035680877,0.0,1.35549670161
K00013,0.805343051978,0.300334388425,2.15534158475,1.10735723853,0.63162373631
K09251,1.07443367242,0.709790861353,1.41047938955,1.27217648492,0.533119591757
K10047,0.907726761664,1.77498555823,0.808389843119,0.773844554858,0.735053282132
K00274,0.930515384883,1.97354906436,0.642909101997,0.869816531345,0.583209917413
K00275,0.238665848707,0.630667252541,0.835489675385,0.847773218621,2.44740400475
K00276,0.245801672171,3.47468974313,0.254257881027,0.442028882594,0.583221821081
K00278,0.877047406018,0.869085948637,1.3240396035,1.16826708374,0.761559958111
K00279,1.53928026486,1.21220119677,0.858503658976,0.803165566742,0.586849312653
K00474,0.0852883478957,0.0,2.68717086648,1.21185616514,1.01568462048
K00472,0.497302139059,1.83141301089,0.862787426372,0.814695630809,0.993801792866
K00471,0.432016078081,0.557200673555,1.46912564642,1.07176347481,1.46989412714
K00876,0.34547310601,1.05746686757,0.698513869052,2.09330642173,0.805239735637
K14656,1.05189544196,0.69488623606,2.20936868498,0.0,1.043849637
K15922,3.41836783169,0.282276530288,0.560928405703,0.632419141218,0.106008091104
K01695,0.534510167835,0.847451100454,2.41375310436,0.886029733358,0.318255893997
K01694,1.40170588724,0.904667348213,0.857851427599,1.23574363828,0.600031698668
K01696,0.733767378127,0.423488649557,0.940297086808,2.14536228306,0.757084602452
K01053,1.15259797317,1.08773651221,0.345835041884,0.779831292836,1.6339991799
K05359,1.36308529759,1.1255868509,1.43150703615,0.403483674255,0.676337141108
K00109,0.0,0.522551868242,2.90750603283,0.0,1.56994209893
K00106,0.285169848959,3.50266042796,0.297578736428,0.512062883881,0.402528102768
K17399,0.0,0.522484477293,1.24592001351,2.18509069763,1.04650481157
K17398,0.912146128353,0.0,1.19743391083,1.08002093111,1.81039902971
K04075,1.47153111907,1.64626227626,0.787499717931,0.333783306046,0.760923580693
K13566,0.55051936617,0.925204205006,1.02217391812,1.14723207746,1.35487043324
K00489,0.630465741401,0.72192412415,1.30215368926,1.21927750298,1.12617894221
K00488,0.568286658737,0.700779388822,1.51191996523,1.16631005051,1.05270393671
K00483,0.0,2.30370795403,1.83114154118,0.0,0.865150504784
K00480,0.267979450064,3.83639111731,0.327763632136,0.282472677596,0.285393122893
K00486,0.574453438962,0.881503564734,0.919476531225,1.31472014765,1.30984631743
K01843,0.159817481414,0.211161494833,1.84629490114,1.51389500917,1.26883111345
K00002,1.21092485904,1.14368437482,0.73023787667,0.985724959675,0.929427929789
K00001,0.643788663672,0.850591722672,0.889890905687,1.12080922328,1.49491948469
K00008,0.716863398523,0.841901831016,1.42204473613,0.754488277558,1.26470175677
K03637,1.2297330628,0.647364510436,1.03417610171,0.858843086558,1.2298832385
K15398,0.301480017721,0.233799081328,1.34216272617,1.69169930983,1.43085886495
K00263,1.68874407965,0.330549272536,1.05097089809,1.18490955233,0.744826197393
K00262,0.383313190736,3.02433797599,0.292631122334,0.352256127683,0.947461583261
K00261,0.645029894544,0.781216683575,0.790309826618,2.03664890428,0.746794690981
K00266,1.28008105163,1.40281184551,1.30475942072,0.410888983368,0.601458698773
K00265,1.61622488574,0.630118114597,1.14084203015,1.19212274002,0.420692229491
K00264,0.794113078874,2.05059348822,0.988445176754,0.320078318632,0.84676993752
K00461,0.354442811353,3.79323036203,0.366030209198,0.251804442722,0.234492174697
K00463,0.913753027422,1.20731132459,2.87893564799,0.0,0.0
K00469,1.24763894109,0.26285756883,1.35655860016,0.361243651726,1.7717012382
K01519,1.51782155647,0.999547213366,0.722456878069,0.861914652728,0.898259699363
K01517,1.0383033624,1.14851374316,0.981183530671,0.932490169723,0.89950919405
K01515,0.650481669262,2.26744483151,0.500409959348,0.777218597893,0.804444941983
K01512,0.508316178546,2.1043503334,0.984620469805,0.909486019477,0.493226998771
K01513,0.542098386265,0.716224621156,2.56187110368,0.641853939356,0.537951949548
K01510,0.498604723722,3.19458673141,0.423209504791,0.517582619455,0.366016420618
K00868,0.664026611915,0.745916329231,1.09752857104,0.746424190211,1.7461042976
K01218,2.65443507589,0.0,1.59295109612,0.0,0.752613827993
K00861,0.717251274047,0.999578855215,0.957044695724,1.07320043405,1.25292474097
K00867,0.0,0.0,0.971883848028,2.19143017054,1.83668598143
K01193,0.444224944027,0.782562886869,0.777545107336,0.350651916239,2.64501514553
K01190,0.510031485624,1.76758042348,0.782415740865,0.88529419239,1.05467815764
K01194,3.31431629358,0.673683924101,0.0,0.0,1.01199978232
K01202,1.08906588212,0.5755580582,1.06747841899,1.5473942647,0.720503375987
K01201,0.365465477069,1.85135236205,1.0805864044,0.404416238831,1.29817951765
K15718,0.965844942519,0.364597139183,1.59393131682,0.980227569483,1.095399032
K15717,2.34278865729,1.61196015687,0.707458365144,0.159524723147,0.178268097558
K01426,0.865485794821,1.92630624003,1.07973416435,0.632743207387,0.495730593419
K08069,0.948145914983,0.861244573937,1.24467407781,1.1226390432,0.823296390074
K01739,0.488515180348,0.457913459232,1.07460252082,1.00051199564,1.97845684396
K01439,0.254549287328,3.43791422714,0.673265847291,0.334885036036,0.299385602202
K14759,0.331585811941,0.328575029263,0.932757536726,1.80881208745,1.59826953462
K05349,0.796718117845,1.29826411915,1.01799622811,0.911900553652,0.97512098124
K02428,1.12453255839,0.412709966716,1.11536431274,1.47943256894,0.867960593213
K14755,0.0,0.42915169234,2.38782254989,1.53835931451,0.644666443255
K12345,0.399320189473,3.22836431458,0.43933321878,0.517839698932,0.415142578233
K12111,0.822354947631,0.766956765669,0.558822061521,1.60374208782,1.24812413736
K03179,0.972103419893,0.513744821051,1.36119609801,1.38120868657,0.771746974479
K13647,1.47239032823,0.486338806759,1.25636160952,0.871685783552,0.913223471945
K13646,3.07638987062,0.0,0.807700551342,0.60709220505,0.508817372984
K00677,0.454815378143,0.240364389502,1.24186919517,1.07703634187,1.98591469532
K06989,1.10211820299,0.939452178851,0.634724135271,0.841905687034,1.48179979586
K15013,0.60029532325,0.544677612153,1.09375274896,0.719336613023,2.04193770262
K00586,1.86711006101,0.558957744248,1.25871668819,0.315363659338,0.999851847213
K00588,0.193020232813,0.173880052058,1.43739105477,1.45436813291,1.74134052744
K00589,0.524138431399,1.00116660032,1.2493583027,0.21135871941,2.01397794618
K00070,0.0,0.0,2.57075985195,0.0,2.42924014805
K00077,0.264449539709,0.635904029348,1.24420020583,1.42781931126,1.42762691385
K00078,2.73001073855,0.495155687794,0.459177391424,0.902423437215,0.413232745016
K02291,1.50581057297,1.54346887859,0.640554420263,0.862949509786,0.4472166184
K00299,0.0,0.0,5.0,0.0,0.0
K00290,1.31209398218,1.73357451278,0.918621387171,1.03571011787,0.0
K00454,0.631583666185,3.71933530735,0.261761039416,0.22167515999,0.165644827059
K00457,0.77261632554,1.52556406914,0.710533288448,0.970403902881,1.02088241399
K00458,0.867965545086,0.458709222201,1.36729624031,0.411078190546,1.89495080185
K00459,0.545436005954,3.25664568827,0.245144961955,0.232603740041,0.720169603785
K00100,1.36967557648,0.868636201061,0.920595226377,1.29740170764,0.543691288445
K00856,0.369856632183,0.774977754954,0.255579215773,1.96911812127,1.63046827582
K00857,0.934466378049,0.685912543034,1.1994581037,0.737636489901,1.44252648532
K01187,0.700383380636,0.413461556303,1.07983425275,1.62327491305,1.18304589726
K01189,0.565321886686,0.640210659691,2.28996881191,0.382488697728,1.12200994399
K01188,0.52807317501,0.583126132196,1.18884970154,1.26152016148,1.43843082978
K01210,0.580469378257,1.71438586211,0.861825875966,0.763664853291,1.07965403037
K13762,1.2566333305,0.332057707181,1.3197142359,0.595155601057,1.49643912536
K13761,0.0,1.1881481126,2.83325934902,0.532387133928,0.446205404454
K01432,0.647019555034,1.70977061105,1.35901154426,0.0,1.28419828965
K02563,0.741612066312,0.326612725914,2.85574512994,0.585396420562,0.490633657271
K02294,0.43784122682,0.867718871936,0.919628184459,1.03682329026,1.73798842652
K16903,0.170752648109,0.300804101708,2.92896224104,0.808713498015,0.790767511132
K13368,0.0,5.0,0.0,0.0,0.0
K13369,0.0,0.639004434962,1.39678712614,2.00429300859,0.959915430312
K13501,2.43877705956,0.0,2.56122294044,0.0,0.0
K13988,0.6129934493,0.60743230534,1.28754112929,0.362905534156,2.12912758191
K13987,0.0,2.65078395762,0.936446693261,0.527892553791,0.88487679533
K12297,2.94097131398,0.0,2.05902868602,0.0,0.0
K16330,2.04296434931,0.674810117382,1.07274593887,1.20947959443,0.0
K00591,1.16163444813,0.755938429084,1.09248590568,1.02643225472,0.963508962386
K00599,1.00246571268,0.919621358895,0.994551572872,1.02627847426,1.05708288129
K08726,0.736527207616,0.648746615425,1.28917372696,2.32555245,0.0
K00064,0.21218042956,0.280340673837,1.83837336358,0.879312915298,1.78979261773
K10276,0.585487230908,1.95577060075,0.677202126081,0.832428112,0.949111930264
K00285,1.52341808745,2.76020072646,0.323103845492,0.117510603459,0.275766737136
K00284,1.62111509322,0.204355661911,2.16820389956,0.291210079502,0.715115265807
K00117,1.18724830354,0.588232188372,0.935132766374,1.40574491591,0.883641825797
K00841,1.0586914251,0.0,1.11184610097,1.25353697522,1.57592549871
K00847,0.695578414679,2.76121187467,0.38012072591,0.663345573213,0.499743411533
K00846,1.06708648115,0.352468585095,2.52149690596,0.0,1.05894802779
K00845,0.79654371271,3.37784199145,0.312936201444,0.245737776589,0.266940317812
K00849,0.569817058778,2.05060332764,0.715788282351,0.782784381987,0.881006949245
K14191,1.31473153189,0.821332580404,1.6010367723,0.476047936161,0.786851179242
K01880,1.66470249379,0.836580894966,0.774199823607,0.876165418417,0.848351369217
K01881,1.3278039276,0.938027084935,0.799644238495,0.801514635485,1.13301011348
K01883,1.35606362162,1.1875620062,0.873432093629,0.67052071388,0.91242156467
K01228,1.69420477503,0.58033172975,1.3838555212,0.594373318749,0.747234655267
K01885,1.6700696617,0.677469335554,0.710523251615,1.08680485702,0.85513289412
K01886,0.80001282098,0.593811816881,0.851737822271,1.90231847323,0.852119066634
K01887,1.6191888856,0.870343740903,0.892073103979,0.633412252171,0.984982017343
K01889,1.33109119322,0.904202522707,0.723134444286,1.1372196964,0.904352143386
K01220,0.542602238616,0.955867922282,1.13967382736,1.28493615214,1.0769198596
K15227,0.37376678599,0.291809902582,1.51658615234,1.36789631709,1.44994084199
K01409,1.48232965466,0.681396262292,1.01401994044,0.842267152102,0.979986990513
K00939,0.943113411768,0.785139157845,0.675739635653,1.30745653416,1.28855126058
K01080,0.766855205273,0.7237105567,0.690299761769,1.29712612599,1.52200835026
K01081,0.44119532141,1.87110047667,0.79797612105,1.12217641689,0.767551663976
K14170,0.812327054931,0.5366264242,0.426555692828,0.0,3.22449082804
K02191,5.0,0.0,0.0,0.0,0.0
K13370,0.307543336895,0.541779575402,1.18426523311,0.728293257571,2.23811859703
K03150,0.313453611327,0.44372622817,1.17566959396,1.37852719199,1.68862337455
K13998,0.553681613736,0.929153745527,0.800989411315,1.75554795909,0.960627270328
K17690,0.106883886327,4.66021032645,0.0561243389471,0.0,0.176781448278
K17691,1.13125062884,0.747308582352,1.78202032398,1.33942046484,0.0
K01029,0.717890644668,1.08399859165,0.700071877087,0.971439803852,1.52659908275
K06617,0.611057362453,0.555408614004,1.39724018841,1.12888975401,1.30740408113
K16328,0.675835155544,0.297642503069,0.906913000095,1.77825449853,1.34135484276
K00052,3.20192942002,0.15922706266,0.861661036303,0.374933523433,0.402248957582
K00053,1.93044643153,0.179843388106,1.66833537645,0.493795608734,0.727579195178
K04040,1.35251542406,0.619817579979,0.399694074558,2.30615170344,0.321821217965
K00128,0.515529211551,0.970193573993,0.630899856369,1.59149400117,1.29188335692
K00129,0.794833990947,0.422980074436,1.51874468694,1.124108795,1.13933245268
K00432,0.775795185744,1.90824947518,0.453361157872,1.35295462927,0.509639551933
K00121,1.00675495553,1.56621120422,0.504508919296,0.869010792592,1.05351412836
K00430,0.87570415347,0.304473869973,0.58083899102,3.05603221049,0.18295077505
K00431,5.0,0.0,0.0,0.0,0.0
K00434,1.97754232196,1.51406522643,0.431859278749,0.649460700741,0.427072472118
K01953,1.50700724377,0.636743484802,1.43459657988,0.519085174375,0.902567517171
K01950,1.52511355457,1.37969153317,0.853919478843,0.453238900744,0.788036532669
K01951,1.69051240649,0.176260650075,1.78313850774,0.105634857226,1.24445357847
K15748,0.0,0.0,5.0,0.0,0.0
K03639,0.527065058655,1.20387505715,0.982127193063,0.480646765275,1.80628592586
K00547,0.363925989132,0.444767381798,1.25805270179,1.75951921775,1.17373470953
K01239,1.05523280369,0.5576776882,1.21901660269,1.74920459131,0.418868314109
K00545,1.29686293351,0.463904064653,1.16767638318,0.970047621405,1.10150899725
K00542,0.456522092202,0.904740829767,1.19858619654,1.08106023079,1.35909065071
K00543,1.12561169244,2.37950359807,0.650160982232,0.733022281222,0.111701446037
K01899,0.633824169579,0.998935174962,1.24531566452,0.867155976,1.25476901494
K01897,0.463181156949,2.40255364784,0.484046590372,0.837045452106,0.813173152735
K01895,1.50783589718,1.55731750602,0.727634261349,0.4990631169,0.708149218553
K01230,1.00455521471,1.68972244593,0.65117639142,0.792408110227,0.862137837712
K01893,0.804101387986,1.27175093093,0.640729586514,1.17676070918,1.10665738538
K01892,1.56798290213,0.569369806348,1.00003515371,0.97160403171,0.891008106107
K01890,1.93381393214,0.730002783418,0.798360565674,0.859898224181,0.677924494587
K00948,1.95137921334,0.576212243322,1.38091914476,0.399328053099,0.692161345472
K00949,1.2094173648,0.648430057258,1.10905720188,0.954664805911,1.07843057015
K00942,0.496200409971,2.66127526109,0.496974712302,0.669994543383,0.675555073254
K00943,0.867617161445,0.957299155473,0.678528491242,1.33329406574,1.1632611261
K01092,0.349593363794,0.606388473734,1.14756130927,1.37239534469,1.52406150851
K01522,0.761901077799,1.06660224156,1.02839879637,0.910604380109,1.23249350417
K01704,0.437201552317,0.288823474514,1.37745757571,1.81183991538,1.08467748207
K01703,3.17160763695,0.929205707607,0.707617454546,0.042979210739,0.148589990156
K01702,2.14492072987,0.451478839278,1.60618820183,0.208785460123,0.588626768897
K14760,0.567284280753,0.535360845103,1.10640040018,1.34336469696,1.447589777
K14163,1.05413841187,1.77260298725,0.805129673761,0.226933344243,1.14119558288
K13524,1.7942863425,0.878022384619,0.593221666363,1.14093763373,0.593531972792
K03816,2.01425589853,0.221773350771,0.969539941597,0.794987668476,0.999443140627
K03367,0.455597769465,3.47389539999,0.276703389839,0.259973890518,0.533829550192
K02549,0.0,5.0,0.0,0.0,0.0
K03635,1.06150472346,0.780193144892,0.996663331207,0.898948254686,1.26269054576
K17687,0.471030177771,0.48404064666,1.53898718504,1.36331559813,1.1426263924
K03147,0.813637567622,0.645428078703,0.402606881867,2.27150500294,0.866822468865
K12343,0.537102330177,2.48773873349,0.643882111575,0.669547443129,0.661729381631
K12349,0.855746110371,0.631394948627,1.2605154568,1.105349393,1.1469940912
K12348,0.711712538613,1.26945548691,1.6817364663,0.842697624956,0.494397883223
K00606,0.716345635908,0.722295487784,1.21627295741,1.01014824466,1.33493767424
K00045,0.965819439182,0.649228109422,0.996504271101,1.04325565147,1.34519252882
K00044,0.0,0.0,5.0,0.0,0.0
K07806,3.24197878285,0.704863373319,0.258586046613,0.631672789455,0.162899007762
K10251,0.905840040733,1.55766575583,0.513931105189,1.447712194,0.574850904256
K00135,0.614226979537,0.416733231731,1.20294465143,1.41522396425,1.35087117305
K00139,3.46309847647,0.722451520447,0.382827166058,0.431622837022,0.0
K04123,2.20723577012,1.02068961456,0.811310087046,0.522688099005,0.43807642927
K00423,2.19173681787,1.87575650004,0.402670354996,0.31901956719,0.2108167599
K15680,1.48301060518,1.95945232945,1.55753706537,0.0,0.0
K14379,0.487128381851,3.0392577614,0.483158052331,0.560756993448,0.429698810971
K05894,0.405050796167,1.6054903091,0.935838316882,0.767353555732,1.28626702212
K15759,0.686100336845,0.444696006035,1.04682000768,1.56342714083,1.2589565086
K05898,1.67515942547,0.0,0.0,0.0,3.32484057453
K00554,0.683155843788,0.601736143461,2.2719235708,0.53925361224,0.903930829711
K00550,0.997936360005,0.0,1.04804065149,2.95402298851,0.0
K00559,0.466335188387,2.00164512752,0.454520553544,1.29860207361,0.778897056944
K00558,0.708190193658,1.51736009682,1.1068496368,0.787186524431,0.88041354829
K13758,0.981705350729,0.562058845101,1.09971337665,1.31736143531,1.03916099222
K14085,0.694417462373,0.417036773351,1.193356833,1.94342224503,0.751766686243
K00951,0.376363859173,1.34044681488,0.962361212666,0.794382838806,1.52644527448
K00950,1.60940040767,0.425274259671,1.18312415546,1.14335936605,0.638841811144
K00953,0.967189590012,1.57061927619,0.6808677839,0.775626769964,1.00569657994
K01556,0.319648364557,0.397486320996,0.750374356019,2.22633379278,1.30615716564
K15376,0.445505410088,0.441461574648,1.02670934597,1.46526737193,1.62105629737
K04708,0.699882964267,1.89389771344,0.7729006662,0.860013695525,0.773304960568
K15371,0.283626384757,2.53900104848,0.52967259792,1.02667746452,0.621022504321
K01900,0.42077987594,1.56287427536,0.91727158653,0.678147645211,1.42092661696
K02777,1.31281234269,0.0,1.83828757064,0.690851440344,1.15804864632
K14152,1.43137864837,1.37946030588,1.15446394008,0.501514856058,0.533182249613
K01609,1.74067956892,1.26777075518,0.612177839653,0.797987234013,0.581384602227
K02551,0.844567996537,2.04180723922,0.769607313073,0.637047612474,0.706969838695
K05275,1.93581393518,0.730751067472,0.580837645855,0.654872001732,1.09772534976
K02554,0.966153602904,0.510600415217,1.42050376033,1.14396147553,0.958780746016
K05279,0.311105254274,0.513802535134,0.816803910338,1.19717087114,2.16111742912
K08723,0.465513458011,0.615040015899,2.44436485888,0.551176049253,0.923905617959
K01490,0.277686348229,2.86564734111,0.514664656415,0.569569861125,0.772431793126
K07250,0.383491504311,0.90669035813,0.847875186821,1.09932471969,1.76261823105
K12664,0.653897153758,0.431967012899,1.71678899189,1.54845125795,0.648895583497
K12665,0.503459887397,0.665184995015,0.704978177932,0.794818826086,2.33155811357
K06129,0.503437544243,0.791851600093,1.24623772062,1.07863771584,1.3798354192
K06927,0.609580462944,0.347326599144,1.36838104984,1.15482750558,1.51988438249
K00097,1.01318750354,0.573702748212,0.152009021674,2.39929144846,0.861809278112
K00099,0.735053791143,0.688847217333,0.650702507421,1.89173610972,1.03366037438
K13755,1.43212788426,0.80495573039,0.880803159809,0.955585140409,0.926528085132
K00143,0.893286669673,1.03270163925,1.17265289665,0.793268992037,1.10808980239
K01947,2.07387705112,1.3700234624,0.653387291937,0.491105684099,0.411606510447
K00149,1.29334591029,0.854408356004,0.679126668699,1.53137815406,0.641740910947
K01940,3.43790002341,0.364563206234,0.790491335234,0.158830123858,0.248215311264
K01942,1.24059362242,1.63908198168,0.651439920556,1.46888447534,0.0
K00382,0.541033724302,1.16369621021,0.56613046128,1.75487188953,0.974267714681
K00383,1.04498268339,2.2828027873,0.729069178157,0.433202448204,0.50994290295
K05714,2.79256530198,1.22987125885,0.977563439169,0.0,0.0
K05712,1.87108226549,1.23606257281,0.654989737616,0.0,1.23786542409
K00560,0.768622817157,1.87614130279,0.800362621442,0.740403091922,0.814470166693
K00565,0.647089835875,2.44973185619,0.589650579746,0.514973184945,0.798554543241
K00568,0.704103498741,0.535616689996,1.27722432571,1.21263439473,1.27042109083
K00569,0.647604734439,0.592363116606,0.523160451468,1.06170862661,2.17516307088
K14157,1.31959555975,0.741431350284,0.850072231845,1.10338128765,0.985519570477
K04713,0.762513196474,0.335817774492,0.533860966242,2.10664333688,1.26116472591
K04711,0.209086678122,0.263973418843,1.91279936015,1.16631389929,1.44782664359
K04710,0.974610755545,1.80275672203,0.643362275596,0.879220498961,0.700049747868
K04718,0.86711046944,2.50397974872,0.577320120369,0.575379375789,0.476210285679
K00529,0.615987552413,0.542573085745,1.72509386825,0.486233874385,1.63011161921
K01762,0.483516389001,0.383298786414,0.914016874952,0.916003681182,2.30316426845
K02493,0.771933653035,1.05128229233,1.12871711828,0.857753585707,1.19031335065
K02495,0.979158858138,0.770290063085,1.2010003913,0.88500944735,1.16454124013
K14410,0.558482349824,0.664095304325,1.48583846612,1.14619345652,1.14539042321
K01611,2.02957086694,1.11856017084,0.954874785704,0.337627947004,0.559366229518
K02835,1.20135689222,0.632411613622,0.960355637425,1.31065229416,0.895223562571
K02836,1.11314334996,0.700694941018,0.712431298184,0.714474056025,1.75925635481
K13787,1.48301060518,1.95945232945,1.55753706537,0.0,0.0
K13789,1.65531805815,0.532530360234,0.647115993362,1.48743540983,0.677600178417
K02233,0.0,0.320063258548,1.27203868769,1.00390625842,2.40399179535
K11419,0.563448258316,1.60341667894,0.910354967314,0.718461677238,1.20431841819
K00622,1.39226504762,0.199944868786,0.635718350565,2.65192983476,0.120141898269
K09188,0.435316755034,0.424828678918,0.950699794638,1.32372253403,1.86543223738
K00087,0.343996932278,0.643874957676,0.993478540221,1.4255756059,1.59307396393
K00084,1.37267111079,3.62732888921,0.0,0.0,0.0
K00083,0.0,3.33171351675,0.0,0.0,1.66828648325
K01971,0.412210178852,0.591982418572,1.31752477669,1.27323407038,1.40504855551
K01972,0.928631958532,0.973483456941,1.20875344654,0.872402107234,1.01672903075
K07758,0.722079681966,1.19254815952,0.947921249273,2.13745090924,0.0
K05708,0.388805123665,0.513715210535,1.63334117191,0.920745034029,1.54339345986
K04091,0.681613479845,0.257302506686,1.1248648967,0.230584962656,2.70563415411
K00972,0.518104019614,2.60217401647,0.660638055335,0.487373903019,0.731710005559
K01119,0.597145074873,2.22078932181,0.929064347938,0.418987644053,0.83401361133
K01113,0.635412559922,1.2345956938,0.897219426249,1.04317884799,1.18959347204
K00886,2.79342100904,0.615124060026,0.488952197966,1.10250273296,0.0
K01027,0.82529682106,2.10536321148,0.740241272907,0.608053224914,0.721045469643
K01756,2.13505886164,0.343312113785,1.60337485254,0.164838489935,0.753415682107
K01028,0.575513463341,0.844876968997,1.07449654658,1.36286752327,1.14224549781
K01012,1.49803604652,1.2638390795,0.522640191172,1.16253668234,0.552948000462
K01592,0.0,1.47728628824,3.52271371176,0.0,0.0
K01593,0.0,1.51649720283,1.20543917677,0.0,2.2780636204
K15407,1.59360320585,0.836628330682,1.00858927055,0.974684057594,0.586495135319
K13799,0.0,0.0,0.0,0.0,5.0
K13248,0.845189364291,1.39298185792,0.713751094647,1.1142230523,0.933854630842
K12311,0.208907024018,0.276021866209,0.877602744053,1.97890304767,1.65856531805
K12312,1.14993211403,0.949572612421,0.452867191515,1.02117888912,1.42644919291
K06127,1.28757754058,0.925831635009,0.835246387163,0.859411919229,1.09193251802
K06125,0.577394231612,1.42768399865,0.751345545933,1.13884291948,1.10473330433
K00760,1.05772161346,2.07178154304,0.720640389238,0.55417971969,0.59567673458
K00766,0.895879706385,2.07371374173,0.646374880601,0.661250751612,0.72278091967
K00769,0.0,1.93072524045,3.06927475955,0.0,0.0
K10206,3.23178751346,0.136483013704,0.739412394422,0.648695777078,0.243621301335
K05901,1.77245641139,0.0,1.11684585553,0.0,2.11069773308
K00164,0.376667842565,2.83893057526,0.793302353861,0.355126852704,0.635972375606
K00166,0.241243490795,3.36160708193,0.3413336316,0.378406343632,0.677409452039
K00167,0.270026964996,2.91221608882,0.445155898941,0.587396965526,0.785204081718
K00364,0.819575377142,0.902370954315,1.23368933204,0.905714364856,1.13864997164
