0,C00047
1,C00078
2,C00079
5,C00082
6,C00123
7,C00147
8,C00242
9,C00255
10,C00299
11,C00314
12,C00319
13,C00328
14,C00353
15,C00397
16,C00407
17,C00410
18,C00525
19,C00526
20,C00535
21,C00547
22,C00559
23,C00642
24,C00674
25,C00735
26,C00739
27,C00755
28,C00766
29,C00806
30,C00836
31,C00860
32,C00864
33,C00881
34,C00951
36,C00959
39,C01124
40,C01125
41,C01126
42,C01142
43,C01173
44,C01176
45,C01186
46,C01198
47,C01227
48,C01230
49,C01301
50,C01302
51,C01456
52,C01536
53,C01540
54,C01570
55,C01585
56,C01588
58,C01717
62,C01718
63,C01737
64,C01744
65,C01804
66,C01909
67,C01927
68,C01933
69,C01936
71,C01953
72,C01963
73,C01983
74,C01984
75,C02057
78,C02067
79,C02099
80,C02137
81,C02140
82,C02165
85,C02172
89,C02181
90,C02185
92,C02201
93,C02265
96,C02363
97,C02378
98,C02486
99,C02519
100,C02526
101,C02533
102,C02537
104,C02639
105,C02646
106,C02657
107,C02710
108,C02852
109,C02892
110,C02934
111,C02942
112,C02948
113,C02989
114,C03012
115,C03027
116,C03057
117,C03068
119,C03080
120,C03081
121,C03113
122,C03164
123,C03205
124,C03207
125,C03209
126,C03220
127,C03240
128,C03290
129,C03428
130,C03582
131,C03588
132,C03663
133,C03681
134,C03690
136,C03712
137,C03739
138,C03747
139,C03748
140,C03772
141,C03929
143,C03935
144,C03965
145,C03995
146,C04020
147,C04042
148,C04043
149,C04083
150,C04084
151,C04108
152,C04167
153,C04223
154,C04277
155,C04302
156,C04333
157,C04368
158,C04379
159,C04420
160,C04554
161,C04660
162,C04685
165,C04686
168,C04709
169,C04717
170,C04742
171,C04805
172,C04822
175,C04849
178,C04867
179,C05028
181,C05139
183,C05141
184,C05161
185,C05198
186,C05291
188,C05294
190,C05301
191,C05356
194,C05401
195,C05469
196,C05473
197,C05475
198,C05476
199,C05477
200,C05478
201,C05479
202,C05483
203,C05487
204,C05488
205,C05490
207,C05497
208,C05498
209,C05581
210,C05593
211,C05607
212,C05629
213,C05647
214,C05790
215,C05852
216,C05939
217,C05965
220,C05966
223,C06089
224,C06121
225,C06183
226,C06217
228,C06360
229,C06391
230,C06392
231,C06418
232,C06420
233,C06423
234,C06495
235,C06497
236,C06521
237,C06526
238,C06527
239,C06546
240,C06593
241,C06667
242,C06719
243,C06761
244,C06771
245,C06852
246,C06955
247,C06972
248,C07056
249,C07120
251,C07144
252,C07185
253,C07202
254,C07254
255,C07264
256,C07338
257,C07346
258,C07354
259,C07355
260,C07360
261,C07469
263,C07499
264,C07513
265,C07527
268,C07544
269,C07577
270,C07578
271,C07591
273,C07594
274,C07708
275,C07719
276,C07726
277,C07818
278,C07839
279,C07866
280,C07875
281,C07904
282,C07915
283,C08027
284,C08149
285,C08152
286,C08153
287,C08235
288,C08238
290,C08263
291,C08317
292,C08327
293,C08431
294,C08435
295,C08448
296,C08449
297,C08452
298,C08516
299,C08530
300,C08585
301,C08606
302,C08614
303,C08666
304,C08689
306,C08701
307,C08707
308,C08726
309,C08731
310,C08837
311,C08943
312,C08944
313,C08998
314,C09017
315,C09021
316,C09087
319,C09106
320,C09136
321,C09137
322,C09157
323,C09175
326,C09176
327,C09201
328,C09210
329,C09259
330,C09268
331,C09276
332,C09278
333,C09280
334,C09289
335,C09312
336,C09314
337,C09317
338,C09321
339,C09382
340,C09383
341,C09384
342,C09404
343,C09408
344,C09445
345,C09454
346,C09460
347,C09466
348,C09484
349,C09505
350,C09591
351,C09604
352,C09621
353,C09623
354,C09628
355,C09631
356,C09633
357,C09640
358,C09642
360,C09645
361,C09650
362,C09651
363,C09663
364,C09664
365,C09676
366,C09682
367,C09692
368,C09698
369,C09704
370,C09705
371,C09710
372,C09729
373,C09730
374,C09737
375,C09738
376,C09744
377,C09745
378,C09772
379,C09860
380,C09870
381,C09879
382,C09886
383,C09888
384,C09916
385,C09921
386,C09925
387,C09927
388,C09938
389,C09948
390,C09966
391,C10006
392,C10007
393,C10136
394,C10146
396,C10153
397,C10163
399,C10167
400,C10173
401,C10206
402,C10247
403,C10254
404,C10258
405,C10263
408,C10267
409,C10269
410,C10272
411,C10278
412,C10283
413,C10287
414,C10310
415,C10314
416,C10326
417,C10330
418,C10336
419,C10347
420,C10356
421,C10373
425,C10378
426,C10403
429,C10408
431,C10409
433,C10454
435,C10478
437,C10487
438,C10494
439,C10528
440,C10574
441,C10605
442,C10655
443,C10658
444,C10673
445,C10675
446,C10683
447,C10689
448,C10692
449,C10695
450,C10712
451,C10738
452,C10743
453,C10773
455,C10804
456,C10812
457,C10838
458,C10839
459,C10846
460,C10858
461,C10861
463,C10865
464,C10869
465,C10903
466,C10935
467,C10938
468,C10968
469,C10991
470,C11075
472,C11124
473,C11135
474,C11136
475,C11354
476,C11356
477,C11358
478,C11380
479,C11457
480,C11546
481,C11606
482,C11637
484,C11703
485,C11723
487,C11834
488,C11844
489,C11845
490,C11901
491,C11902
492,C11998
493,C12064
494,C12067
495,C12100
496,C12104
497,C12206
498,C12238
499,C12240
500,C12259
501,C12262
502,C12280
503,C12293
504,C12297
505,C12298
506,C12304
507,C12305
508,C12313
509,C12333
510,C12449
511,C12456
512,C12459
513,C12512
514,C12590
515,C12889
516,C12946
518,C13014
519,C13342
520,C13431
521,C13433
522,C13626
523,C13629
524,C13631
525,C13635
526,C13636
527,C13687
528,C13730
529,C13792
530,C13800
531,C13829
532,C13831
534,C13846
535,C13929
536,C13946
537,C13958
538,C14088
539,C14103
540,C14108
541,C14127
542,C14208
543,C14209
544,C14211
545,C14218
546,C14221
547,C14227
549,C14231
550,C14232
551,C14235
552,C14236
553,C14240
554,C14241
555,C14249
557,C14258
558,C14271
559,C14273
560,C14285
561,C14290
562,C14297
563,C14308
564,C14341
565,C14349
566,C14393
567,C14446
568,C14475
569,C14478
571,C14487
572,C14491
573,C14497
575,C14500
577,C14535
579,C14552
581,C14553
582,C14577
584,C14579
586,C14594
587,C14598
588,C14600
590,C14606
591,C14614
592,C14627
594,C14632
596,C14646
597,C14649
599,C14651
600,C14654
601,C14661
602,C14666
603,C14671
605,C14675
606,C14677
607,C14681
608,C14682
609,C14709
611,C14748
612,C14749
613,C14768
614,C14769
615,C14770
616,C14771
617,C14776
618,C14777
619,C14778
620,C14779
621,C14780
622,C14781
625,C14785
626,C14800
630,C14802
634,C14808
637,C14810
640,C14812
643,C14813
646,C14820
649,C14821
652,C14822
653,C14823
656,C14824
657,C14827
658,C14828
659,C14829
660,C14831
661,C14832
662,C14834
663,C14836
664,C14872
665,C14881
666,C14892
667,C14912
669,C14916
670,C14926
671,C14935
672,C14939
674,C14961
675,C14962
676,C14972
677,C14984
678,C14988
679,C14995
680,C14996
681,C15002
682,C15005
683,C15006
684,C15007
685,C15012
686,C15014
687,C15015
688,C15029
689,C15034
690,C15035
691,C15041
692,C15082
693,C15090
694,C15096
695,C15097
696,C15108
697,C15114
699,C15117
700,C15129
702,C15130
703,C15132
704,C15135
706,C15136
707,C15138
708,C15142
710,C15144
712,C15154
713,C15156
714,C15157
715,C15158
716,C15167
717,C15185
718,C15187
719,C15190
720,C15195
721,C15196
722,C15199
723,C15204
724,C15208
726,C15219
728,C15254
729,C15257
730,C15258
731,C15260
732,C15261
734,C15277
736,C15284
737,C15286
739,C15291
740,C15301
742,C15303
743,C15304
744,C15306
746,C15314
748,C15332
750,C15334
751,C15335
752,C15339
753,C15342
754,C15346
755,C15349
756,C15356
757,C15363
758,C15364
759,C15365
760,C15368
761,C15372
762,C15375
764,C15377
765,C15382
766,C15385
767,C15388
768,C15395
769,C15402
770,C15403
771,C15409
772,C15416
774,C15440
775,C15443
776,C15465
777,C15467
779,C15468
780,C15513
781,C15536
782,C15570
783,C15652
784,C15682
785,C15685
786,C15687
787,C15714
788,C15715
789,C15739
790,C15760
792,C15818
796,C15932
797,C15967
799,C15998
800,C15999
801,C16015
802,C16143
803,C16204
804,C16206
805,C16208
806,C16213
807,C16274
808,C16284
809,C16287
810,C16417
811,C16434
812,C16439
813,C16440
814,C16503
816,C16504
817,C16512
818,C16536
819,C16647
820,C16648
821,C16653
822,C16654
823,C16705
824,C16706
825,C16715
829,C16745
830,C16779
831,C16780
832,C16788
833,C16810
834,C16813
835,C16825
836,C16919
837,C16928
838,C16947
839,C16959
840,C16966
841,C16970
842,C16987
843,C17012
844,C17041
845,C17124
846,C17158
847,C17235
849,C17425
850,C17434
851,C17488
852,C17494
853,C17496
854,C17499
855,C17501
856,C17502
857,C17506
858,C17515
859,C17603
861,C17605
862,C17606
864,C17607
865,C17608
867,C17610
869,C17612
870,C17663
872,C17665
874,C17666
876,C17672
877,C17676
878,C17782
880,C17883
881,C17900
882,C17902
883,C17914
884,C17935
885,C17954
886,C18001
887,C18021
888,C18045
890,C18064
891,C18075
893,C18090
896,C18245
897,C18271
898,C18272
899,C18277
900,C00019
901,C00020
902,C00026
903,C00031
904,C00042
905,C00043
906,C00061
907,C00095
908,C00124
909,C00127
910,C00137
911,C00156
912,C00158
913,C00159
914,C00180
915,C00203
916,C00221
917,C00233
918,C00247
919,C00267
920,C00280
921,C00296
922,C00311
923,C00362
924,C00385
925,C00417
926,C00451
927,C00478
929,C00489
930,C00539
931,C00587
932,C00590
933,C00633
934,C00639
937,C00670
938,C00671
939,C00679
940,C00737
941,C00738
942,C00764
943,C00795
944,C00805
945,C00848
946,C00870
947,C00900
948,C00902
949,C00922
950,C00936
951,C00946
952,C00962
953,C00984
954,C01012
955,C01020
956,C01088
958,C01108
959,C01163
960,C01170
961,C01212
962,C01278
963,C01292
964,C01295
965,C01337
967,C01367
968,C01383
969,C01451
970,C01452
971,C01458
972,C01487
973,C01582
974,C01606
975,C01618
976,C01624
977,C01662
978,C01680
979,C01705
980,C01719
981,C01720
982,C01757
983,C01825
984,C01844
985,C01853
986,C01906
987,C01934
988,C01988
989,C01989
991,C02008
992,C02108
993,C02122
994,C02123
996,C02129
997,C02167
998,C02170
999,C02183
1000,C02195
1001,C02206
1002,C02209
1003,C02236
1004,C02283
1005,C02295
1006,C02314
1009,C02336
1010,C02341
1011,C02360
1013,C02362
1014,C02488
1016,C02504
1018,C02514
1019,C02527
1020,C02578
1021,C02666
1022,C02674
1023,C02704
1024,C02752
1025,C02774
1026,C02780
1027,C02782
1028,C02814
1029,C02821
1030,C02930
1031,C02991
1033,C03067
1034,C03097
1035,C03241
1036,C03328
1038,C03404
1039,C03448
1040,C03465
1041,C03467
1042,C03500
1043,C03502
1044,C03577
1045,C03589
1046,C03590
1047,C03600
1048,C03652
1050,C03666
1051,C03716
1052,C03725
1053,C03754
1054,C03761
1056,C03779
1057,C03797
1058,C03827
1060,C03864
1061,C03865
1062,C03894
1063,C03921
1064,C03930
1065,C03946
1066,C03958
1067,C03962
1068,C03979
1070,C04074
1071,C04106
1072,C04145
1073,C04165
1074,C04181
1075,C04303
1076,C04378
1077,C04411
1079,C04480
1080,C04484
1081,C04547
1082,C04553
1083,C04575
1084,C04586
1085,C04587
1086,C04617
1087,C04643
1088,C04707
1089,C04719
1090,C04741
1093,C04758
1094,C04835
1095,C04843
1098,C04873
1100,C05003
1101,C05122
1102,C05375
1103,C05406
1104,C05422
1105,C05463
1106,C05465
1107,C05585
1108,C05672
1109,C05795
1110,C05817
1111,C05840
1112,C05959
1115,C05961
1116,C05963
1117,C05994
1119,C06008
1120,C06010
1121,C06030
1122,C06069
1123,C06088
1125,C06102
1126,C06152
1127,C06153
1128,C06158
1130,C06159
1132,C06162
1133,C06202
1134,C06316
1135,C06336
1136,C06337
1137,C06438
1140,C06439
1141,C06447
1142,C06464
1143,C06465
1144,C06466
1145,C06467
1146,C06468
1147,C06474
1149,C06475
1150,C06478
1152,C06485
1154,C06494
1156,C06579
1157,C06674
1158,C06677
1159,C06680
1160,C06782
1161,C06806
1162,C06812
1163,C06843
1164,C06856
1165,C07063
1167,C07119
1168,C07178
1169,C07261
1170,C07310
1171,C07320
1172,C07405
1173,C07468
1174,C07582
1175,C07599
1176,C07610
1177,C07699
1178,C07805
1179,C07874
1180,C07921
1181,C08151
1182,C08158
1183,C08234
1184,C08237
1185,C08261
1186,C08278
1187,C08285
1188,C08318
1189,C08351
1190,C08356
1191,C08362
1192,C08368
1193,C08489
1194,C08498
1195,C08546
1196,C08548
1197,C08620
1198,C08709
1199,C08713
1200,C08717
1201,C08725
1202,C08756
1203,C08757
1204,C08798
1205,C08803
1206,C08807
1207,C08947
1208,C08950
1209,C08955
1210,C08968
1211,C08976
1212,C09000
1213,C09013
1214,C09014
1215,C09018
1216,C09046
1217,C09052
1218,C09103
1220,C09198
1221,C09204
1222,C09205
1224,C09247
1225,C09249
1226,C09265
1227,C09287
1228,C09292
1229,C09299
1231,C09300
1232,C09308
1233,C09344
1235,C09362
1236,C09374
1238,C09392
1239,C09394
1240,C09396
1242,C09431
1244,C09433
1245,C09449
1246,C09450
1248,C09452
1249,C09455
1251,C09472
1253,C09473
1255,C09476
1256,C09487
1258,C09489
1259,C09494
1261,C09495
1262,C09497
1264,C09499
1266,C09504
1268,C09508
1270,C09509
1271,C09513
1272,C09514
1273,C09517
1274,C09518
1275,C09522
1277,C09523
1279,C09536
1281,C09545
1282,C09552
1284,C09557
1286,C09582
1287,C09584
1288,C09586
1289,C09587
1291,C09601
1292,C09602
1294,C09603
1296,C09605
1297,C09606
1298,C09644
1299,C09674
1302,C09680
1303,C09685
1304,C09701
1306,C09776
1307,C09780
1308,C09785
1309,C09786
1310,C09801
1311,C09804
1312,C09836
1313,C09842
1314,C09853
1315,C09854
1316,C09894
1317,C09923
1318,C09926
1319,C09928
1320,C09944
1321,C09981
1322,C09995
1323,C10099
1324,C10103
1325,C10178
1326,C10207
1327,C10223
1328,C10233
1329,C10298
1330,C10340
1331,C10349
1332,C10372
1333,C10388
1334,C10439
1335,C10460
1336,C10473
1337,C10486
1338,C10498
1339,C10540
1340,C10547
1341,C10553
1342,C10554
1343,C10556
1344,C10561
1345,C10588
1346,C10617
1347,C10627
1348,C10637
1349,C10638
1350,C10639
1351,C10646
1352,C10667
1353,C10669
1354,C10672
1356,C10693
1357,C10704
1359,C10729
1360,C10730
1361,C10746
1363,C10832
1364,C10879
1365,C10882
1366,C10892
1367,C10900
1368,C10906
1369,C10937
1370,C11066
1371,C11101
1372,C11134
1373,C11312
1374,C11402
1375,C11403
1376,C11414
1377,C11418
1378,C11434
1379,C11592
1381,C11611
1382,C11636
1383,C11638
1384,C11649
1385,C11651
1386,C11652
1388,C11653
1390,C11696
1391,C11715
1392,C11820
1393,C11838
1394,C11861
1395,C11899
1396,C11913
1397,C11917
1398,C11918
1399,C11937
1400,C11943
1401,C11944
1402,C11957
1405,C11969
1406,C11974
1407,C11990
1408,C11993
1409,C12021
1410,C12056
1411,C12105
1412,C12113
1413,C12140
1416,C12183
1417,C12219
1418,C12228
1419,C12229
1420,C12230
1421,C12231
1422,C12263
1423,C12308
1424,C12314
1425,C12325
1426,C12366
1427,C12403
1428,C12407
1429,C12414
1430,C12600
1431,C12646
1432,C12724
1433,C13077
1434,C13127
1435,C13634
1436,C13740
1437,C13741
1438,C13778
1439,C13790
1440,C13802
1441,C13809
1444,C13820
1445,C14096
1446,C14097
1447,C14100
1448,C14161
1449,C14262
1450,C14289
1451,C14305
1452,C14334
1453,C14382
1454,C14418
1455,C14483
1456,C14502
1457,C14530
1458,C14570
1459,C14643
1460,C14726
1461,C14750
1463,C14751
1465,C14754
1467,C14762
1468,C14767
1469,C14772
1471,C14773
1473,C14774
1475,C14775
1477,C14782
1480,C14784
1481,C14791
1482,C14792
1483,C14793
1484,C14795
1485,C14809
1488,C14811
1491,C14814
1494,C14825
1495,C14826
1496,C14934
1497,C14942
1498,C14953
1499,C14954
1500,C14963
1501,C14964
1502,C14983
1503,C15000
1504,C15001
1505,C15064
1506,C15151
1507,C15171
1508,C15180
1509,C15181
1510,C15213
1511,C15273
1512,C15275
1514,C15293
1515,C15302
1517,C15315
1518,C15350
1519,C15351
1520,C15429
1522,C15451
1524,C15474
1525,C15475
1526,C15516
1527,C15538
1528,C15555
1529,C15644
1530,C15823
1531,C15923
1532,C16186
1533,C16201
1534,C16202
1535,C16223
1536,C16225
1537,C16260
1538,C16261
1539,C16296
1540,C16305
1541,C16308
1542,C16322
1543,C16369
1544,C16370
1545,C16390
1547,C16422
1548,C16461
1549,C16523
1550,C16566
1551,C16578
1552,C16586
1553,C16589
1554,C16622
1555,C16643
1556,C16644
1557,C16649
1558,C16650
1559,C16651
1560,C16658
1561,C16700
1562,C16771
1563,C16787
1564,C16808
1565,C16809
1566,C16812
1567,C16868
1568,C16937
1569,C16964
1570,C17002
1571,C17030
1572,C17032
1573,C17035
1574,C17036
1575,C17053
1576,C17054
1577,C17058
1578,C17085
1579,C17209
1581,C17438
1582,C17454
1583,C17483
1584,C17490
1585,C17527
1586,C17599
1587,C17614
1589,C17641
1591,C17643
1592,C17645
1594,C17659
1597,C17686
1598,C17713
1599,C17790
1601,C17912
1602,C18019
1603,C18028
1605,C18043
1606,C18067
1607,C18069
1608,C18130
1609,C18133
1610,C18171
1611,C18176
1612,C18218
1613,C18316
